Unnamed: 0,Name,Brand,Price,Processor_brand,Processor_name,Processor_variant,Processor_gen,RAM_GB,RAM_type,Storage_capacity_GB,Storage_type,Graphics_name,Graphics_brand,Graphics_GB,Display_size_inches,Touch_screen,Operating_system
0,580,11,50399,0,4,74,5,8,1,512,2,22,0,4,15,1,11
1,837,17,26690,0,3,87,7,8,7,512,2,19,0,5,15,0,11
2,426,11,37012,3,23,20,12,8,1,512,2,84,4,5,15,0,11
3,992,23,69990,3,24,24,12,16,7,512,2,79,4,5,13,0,11
4,994,24,23990,3,23,8,11,8,5,512,2,84,4,5,15,0,11
5,990,23,42990,3,24,23,12,8,5,512,2,72,4,5,15,0,11
6,1009,28,102990,3,26,60,14,16,2,1000,2,110,5,8,16,0,11
7,295,8,33780,3,23,20,12,8,1,512,2,84,4,5,15,0,11
8,431,11,54990,3,24,23,12,16,1,512,2,70,4,5,15,0,11
9,172,4,55980,3,24,27,12,16,1,512,2,77,4,5,15,0,11
10,1003,27,24990,3,24,13,11,8,1,512,2,53,4,5,15,0,11
11,824,17,26739,0,3,69,5,8,1,512,2,19,0,5,15,0,11
12,592,11,81990,0,5,98,7,16,2,1000,2,101,5,6,16,0,11
13,77,3,76990,1,7,23,10,8,1,256,2,37,3,5,13,0,7
14,1014,29,32990,3,24,23,12,16,1,512,2,56,4,5,15,0,11
15,131,4,79899,3,25,17,11,16,1,1000,2,103,5,4,15,0,11
16,750,17,59990,3,24,25,12,16,2,512,2,100,5,4,15,0,11
17,80,3,114900,1,10,23,10,8,1,256,2,36,3,5,13,0,7
18,305,8,36940,0,4,72,5,8,1,512,2,26,0,5,15,0,11
19,118,4,53890,3,24,14,11,8,1,512,2,100,5,4,15,0,11
20,784,17,33500,0,3,88,7,8,1,512,2,17,0,5,15,0,11
21,387,10,69990,3,25,33,12,16,1,512,2,109,5,6,15,0,11
22,189,4,46890,0,4,74,5,8,1,512,2,27,0,5,16,0,11
23,78,3,99900,1,8,23,10,8,1,256,2,6,3,5,13,0,7
24,976,23,75990,3,19,19,10,16,6,512,2,53,4,5,15,0,11
25,396,11,38990,3,23,20,12,8,1,512,2,72,4,5,14,0,11
26,987,23,299999,3,22,62,10,32,8,1000,2,109,5,6,16,1,11
27,168,4,39800,3,23,21,12,8,1,512,2,84,4,5,15,0,11
28,786,17,44990,0,5,93,7,8,1,512,2,17,0,5,15,0,11
29,64,2,112490,3,25,53,13,16,2,1000,2,109,5,6,16,0,11
30,589,11,44990,0,4,74,5,8,1,512,2,93,5,4,16,0,11
31,558,11,61990,3,24,25,12,16,1,512,2,100,5,4,16,0,11
32,264,8,81990,3,24,44,13,16,2,1000,2,101,5,6,15,0,11
33,103,4,94990,0,6,85,6,16,7,512,2,134,5,4,13,1,11
34,127,4,102499,3,25,34,12,16,1,512,2,110,5,8,15,0,11
35,321,8,69999,3,24,24,12,16,2,512,2,72,4,5,14,0,11
36,727,17,75990,3,22,30,10,16,7,1000,2,52,4,5,16,0,11
37,1011,29,27990,3,24,15,11,16,6,512,2,72,4,5,15,0,11
38,922,18,94990,3,25,33,12,16,2,1000,2,110,5,8,15,0,11
39,102,4,99990,0,6,85,6,16,7,1000,2,134,5,4,13,1,11
40,129,4,61990,3,24,14,11,16,1,512,2,101,5,4,15,0,11
41,191,4,55200,0,5,78,5,16,1,512,2,27,0,5,16,0,11
42,993,23,72990,3,24,24,12,16,7,512,2,79,4,5,13,1,11
43,466,11,96999,3,22,31,10,16,7,512,2,43,4,5,14,1,11
44,492,11,138990,3,25,59,14,16,2,1000,2,110,5,8,16,0,11
45,279,8,99990,3,25,50,13,16,2,1000,2,109,5,6,15,0,11
46,847,17,64990,3,24,24,12,16,7,512,2,70,4,5,14,0,11
47,697,17,32990,3,23,20,12,8,1,512,2,133,4,5,15,0,11
48,430,11,47990,3,24,23,12,8,1,512,2,70,4,5,15,0,11
49,21,2,53990,3,24,25,12,16,1,512,2,100,5,4,15,0,11
50,627,14,74990,3,26,54,13,32,8,1000,2,70,4,5,15,0,11
51,201,4,86990,3,25,33,12,16,1,512,2,119,5,6,16,0,11
52,452,11,19979,0,0,66,3,4,1,256,2,8,0,5,15,0,3
53,891,18,37990,0,4,91,7,16,1,512,2,17,0,5,14,0,11
54,365,8,48990,3,24,23,12,8,1,512,2,79,4,5,15,0,11
55,166,4,31990,3,23,8,11,8,1,512,2,74,4,5,15,1,11
56,706,17,55390,3,24,25,12,16,7,512,2,74,4,5,14,0,11
57,464,11,96990,0,5,105,8,16,7,512,2,19,0,5,14,1,11
58,429,11,37490,3,23,20,12,8,1,512,2,84,4,5,15,0,11
59,241,4,109990,3,26,54,13,16,7,1000,2,79,4,5,15,0,11
60,604,12,46990,3,24,25,12,16,6,512,2,84,4,5,16,0,11
61,785,17,39990,0,4,91,7,8,1,512,2,17,0,5,15,0,11
62,560,11,65990,3,24,43,13,16,1,512,2,100,5,4,15,0,11
63,1012,29,27990,3,23,20,12,8,1,512,2,56,4,5,15,0,11
64,52,2,78052,3,24,43,13,16,2,512,2,109,5,6,15,0,11
65,593,11,79990,0,5,98,7,16,2,512,2,101,5,6,16,0,11
66,935,18,52990,3,24,10,11,16,1,1256,3,101,5,4,15,0,11
67,217,4,25990,3,16,114,10,4,1,256,2,46,4,5,15,0,11
68,735,17,55990,0,4,92,7,16,2,512,2,100,5,4,15,0,11
69,132,4,57990,3,24,14,11,16,1,512,2,100,5,4,15,0,11
70,554,11,68990,3,24,25,12,16,1,512,2,101,5,4,15,0,11
71,448,11,25580,0,3,67,3,8,1,512,2,17,0,5,15,0,11
72,991,23,52990,3,24,23,12,16,5,512,2,72,4,5,15,0,11
73,82,3,154900,1,10,23,10,8,1,512,2,1,3,5,15,0,7
74,673,17,54990,0,4,74,5,16,1,512,2,93,5,4,15,0,11
75,726,17,76990,3,22,30,10,16,7,1000,2,52,4,5,14,0,11
76,111,4,329990,3,26,60,14,32,2,2000,2,113,5,16,16,0,11
77,263,7,89999,3,25,33,12,16,2,512,2,110,5,8,15,0,11
78,517,11,69990,0,5,93,7,16,1,1000,2,30,0,5,15,0,11
79,26,2,34299,3,23,20,12,16,1,512,2,84,4,5,15,0,11
80,944,18,599990,3,26,60,14,32,2,2000,2,113,5,16,18,0,11
81,981,23,199990,3,22,62,10,16,8,512,2,52,4,5,16,1,11
82,1006,28,52990,3,24,45,13,16,7,512,2,79,4,5,16,0,11
83,88,3,399900,1,11,23,10,48,1,1000,2,5,3,5,16,0,7
84,38,2,32390,3,23,20,12,8,1,512,2,84,4,5,15,0,11
85,122,4,53990,3,24,10,11,8,1,512,2,100,5,4,15,0,11
86,578,11,52499,0,4,74,5,16,1,512,2,23,0,4,15,0,11
87,28,2,37490,0,4,72,5,16,1,512,2,7,0,5,15,0,11
88,485,11,89990,3,24,43,13,16,2,512,2,109,5,6,16,0,11
89,174,4,64990,3,25,33,12,16,1,512,2,77,4,5,15,0,11
90,351,8,38500,3,24,13,11,8,1,512,2,84,4,5,14,0,9
91,18,2,57990,3,24,25,12,16,1,512,2,96,5,4,15,0,11
92,121,4,89990,0,5,94,7,16,2,512,2,109,5,6,15,0,11
93,476,11,133999,3,22,63,10,32,7,1000,2,43,4,5,14,1,11
94,234,4,149990,3,26,54,13,16,2,1000,2,109,5,6,16,0,11
95,480,11,112990,0,5,83,6,16,2,1000,2,105,5,8,16,0,11
96,46,2,69990,0,5,94,7,16,2,512,2,101,5,4,15,0,11
97,418,11,38990,0,4,72,5,8,1,512,2,17,0,5,15,0,11
98,352,8,108000,3,24,23,12,8,1,512,2,79,4,5,14,0,11
99,709,17,55390,3,24,25,12,16,7,512,2,74,4,5,15,0,11
100,75,3,133553,1,10,23,10,8,1,256,2,1,3,5,15,0,7
101,975,23,70990,3,19,19,10,8,6,512,2,53,4,5,15,0,11
102,945,18,197990,3,25,59,14,32,2,1000,2,111,5,8,16,0,11
103,693,17,35500,3,23,8,11,8,1,512,2,84,4,5,15,0,11
104,34,2,49499,3,25,16,11,16,1,512,2,79,4,5,15,0,11
105,470,11,122000,3,25,47,13,16,7,1000,2,101,5,4,15,1,11
106,815,17,43490,3,24,23,12,8,1,512,2,72,4,5,14,0,3
107,715,17,79990,3,22,30,10,16,7,1000,2,52,4,5,14,0,11
108,478,11,175999,3,22,62,10,16,8,1000,2,110,5,8,14,0,11
109,497,11,135999,0,5,98,7,32,2,1000,2,110,5,8,16,0,11
110,559,11,58490,3,24,25,12,8,1,512,2,100,5,4,15,0,11
111,708,17,53490,3,24,25,12,16,7,512,2,74,4,5,15,0,11
112,762,17,149990,3,26,60,10,32,2,1000,2,111,5,8,16,0,11
113,619,14,33990,3,24,15,11,16,6,512,2,70,4,5,15,0,11
114,679,17,69990,0,5,83,6,16,1,512,2,101,5,4,15,0,11
115,563,11,65990,3,24,25,12,16,1,1000,2,100,5,4,15,0,11
116,85,3,186899,1,12,23,10,18,1,512,2,2,3,5,14,0,7
117,312,8,69990,3,25,47,13,16,1,512,2,84,4,5,15,0,11
118,616,14,25990,3,24,4,10,8,6,512,2,72,4,5,15,0,11
119,428,11,36512,3,23,20,12,8,1,512,2,72,4,5,15,0,11
120,1015,29,43990,3,25,29,12,16,1,1000,2,56,4,5,15,0,11
121,854,18,49990,0,4,92,7,8,2,512,2,24,0,4,15,0,11
122,146,4,28990,3,23,8,11,8,1,256,2,72,4,5,15,0,11
123,130,4,72990,3,25,17,11,16,1,512,2,103,5,4,15,0,11
124,930,18,41990,3,24,10,11,8,1,512,2,93,5,4,15,0,11
125,587,11,60200,3,24,14,11,16,1,512,2,93,5,4,16,0,11
126,617,14,18990,3,16,117,11,4,6,128,2,72,4,5,15,0,11
127,171,4,58990,3,24,27,12,16,1,512,2,77,4,5,15,0,11
128,577,11,64990,0,5,78,5,16,1,512,2,101,5,4,15,0,11
129,283,8,145990,3,25,50,13,16,2,512,2,110,5,8,15,0,11
130,434,11,37990,3,23,20,12,8,1,512,2,84,4,5,15,0,11
131,553,11,67990,3,24,25,12,16,1,512,2,101,5,4,15,0,11
132,239,4,65990,3,24,27,12,16,1,512,2,70,4,5,14,0,11
133,571,11,49490,0,4,74,5,8,1,512,2,23,0,4,15,0,11
134,532,11,77490,3,24,40,13,16,1,1000,2,70,4,5,14,1,11
135,920,18,489883,3,26,54,13,64,2,2000,2,129,5,12,17,0,11
136,275,8,99890,3,25,34,12,16,2,1000,2,104,5,6,15,0,11
137,14,2,52990,3,24,24,12,16,1,512,2,100,5,4,15,0,11
138,79,3,119900,1,9,23,10,8,11,512,2,1,3,5,13,0,7
139,238,4,74990,3,24,27,12,16,1,512,2,79,4,5,14,0,11
140,989,23,48899,3,35,110,10,8,5,512,1,79,4,5,15,0,11
141,355,8,184999,3,25,7,10,16,1,512,2,87,5,4,15,0,10
142,1017,30,8000,3,15,120,10,2,0,32,0,55,4,5,11,0,10
143,162,4,67990,3,19,19,10,16,1,512,2,43,4,5,15,0,11
144,879,18,119990,0,5,106,8,16,2,1000,2,110,5,8,17,0,11
145,767,17,297758,3,26,60,14,32,2,1000,2,121,5,12,16,0,11
146,977,23,85990,3,20,61,10,16,6,512,2,53,4,5,15,0,11
147,1008,28,69990,3,22,30,10,32,8,1000,2,50,4,5,16,0,11
148,1007,28,59990,3,22,30,10,16,8,512,2,79,4,5,14,0,11
149,774,17,349990,3,26,60,14,64,2,2000,2,113,5,16,16,0,11
150,526,11,70490,3,24,40,13,16,8,512,2,79,4,5,14,0,11
151,798,17,109990,0,5,99,7,32,8,512,2,20,0,5,14,0,11
152,463,11,86990,0,4,104,8,16,7,512,2,19,0,5,14,1,11
153,513,11,55990,0,4,72,5,16,1,1000,2,19,0,5,15,0,11
154,738,17,17990,4,31,23,10,8,6,128,0,39,1,5,14,0,1
155,705,17,59390,3,24,43,13,16,7,512,2,46,4,5,15,0,11
156,620,14,24990,3,23,8,11,8,6,512,2,70,4,5,15,0,11
157,838,17,33990,0,4,90,7,8,7,512,2,19,0,5,15,0,11
158,465,11,105990,3,22,31,1,16,7,512,2,64,4,5,14,1,11
159,244,4,149990,3,22,64,10,16,8,512,2,52,4,5,14,0,11
160,682,17,35490,0,4,72,5,8,1,512,2,19,0,5,15,0,11
161,745,17,98790,0,5,98,7,16,2,512,2,110,5,8,15,0,11
162,835,17,24790,0,2,86,10,8,7,512,2,12,0,5,15,0,11
163,87,3,154990,1,10,23,10,8,1,512,2,0,3,5,14,0,7
164,29,2,39999,0,4,72,5,16,1,1000,2,7,0,5,15,0,11
165,583,11,52850,0,4,92,7,8,2,512,2,100,5,4,15,0,11
166,1010,29,23990,3,23,9,11,8,5,512,2,72,4,5,15,0,11
167,185,4,80739,3,26,54,13,16,1,512,2,44,4,5,16,0,11
168,289,8,52249,3,24,23,12,16,1,512,2,60,4,5,15,0,11
169,410,11,48990,3,24,23,12,8,1,512,2,79,4,5,15,0,11
170,550,11,85990,3,25,33,12,16,1,1000,2,101,5,4,15,0,11
171,591,11,81990,0,5,98,7,16,2,1000,2,101,5,4,16,0,11
172,551,11,79990,3,25,33,12,16,1,512,2,101,5,4,15,0,11
173,743,17,79990,0,5,98,7,16,2,512,2,101,5,6,15,0,11
174,490,11,126499,3,25,53,13,16,2,1000,2,110,5,8,16,0,11
175,245,4,74990,3,24,27,12,16,1,512,2,77,4,5,14,0,11
176,116,4,119000,3,25,34,12,16,1,1000,2,109,5,6,16,0,11
177,1000,26,12990,3,16,114,10,4,1,128,2,74,4,5,14,0,11
178,525,11,72490,3,24,41,13,16,1,512,2,79,4,5,14,0,11
179,628,14,49990,3,24,45,13,16,8,512,2,70,4,5,15,0,11
180,124,4,72990,3,24,27,12,16,1,512,2,101,5,4,15,0,11
181,335,8,72990,3,24,41,13,16,7,512,2,79,4,5,16,0,11
182,7,2,31990,3,23,20,12,8,1,512,2,79,4,5,15,0,11
183,609,14,25990,3,23,8,11,8,6,512,2,74,4,5,14,0,11
184,817,17,27999,3,23,20,12,8,1,512,2,72,4,5,14,0,3
185,163,4,56990,0,5,78,5,16,1,512,2,10,0,5,15,0,11
186,512,11,70490,3,24,41,13,16,1,512,2,62,4,5,15,0,11
187,233,4,114990,3,24,45,13,16,2,512,2,109,5,6,16,0,11
188,43,2,31990,0,4,90,7,8,7,512,2,17,0,5,15,0,11
189,498,11,195999,3,26,36,12,32,2,2000,2,107,5,16,17,0,11
190,518,11,51990,3,24,23,12,8,1,512,2,77,4,5,15,0,11
191,278,8,93003,0,5,83,6,16,2,512,2,104,5,6,15,0,11
192,274,8,71990,3,24,27,12,16,2,512,2,101,5,4,15,0,11
193,510,11,84700,3,25,48,13,16,1,512,2,79,4,5,15,0,11
194,974,23,162990,6,34,108,10,32,8,1000,2,52,4,5,16,1,11
195,792,17,96990,3,25,47,13,16,1,512,2,80,4,5,14,0,11
196,816,17,55490,3,24,23,12,8,1,512,2,72,4,5,14,0,11
197,161,4,49990,3,18,1,10,16,1,512,2,43,4,5,15,0,11
198,818,17,44990,3,23,20,12,8,1,512,2,72,4,5,14,0,11
199,564,11,74490,3,24,43,13,16,1,512,2,101,5,5,15,0,11
200,871,18,114990,3,22,62,10,16,2,1000,2,110,5,8,15,0,11
201,913,18,299990,3,26,60,14,32,2,2000,2,112,5,12,17,0,11
202,81,3,134900,1,10,23,10,8,1,512,2,35,3,5,13,0,7
203,74,3,174900,1,10,23,10,16,1,512,2,1,3,5,15,0,7
204,261,6,18990,3,16,114,10,8,0,256,2,55,4,5,15,0,11
205,491,11,105990,3,25,53,13,16,2,1000,2,101,5,6,16,0,11
206,973,23,138990,3,20,61,10,16,7,1000,2,53,4,5,15,1,11
207,982,23,163990,3,22,62,10,16,8,512,2,52,4,5,16,1,11
208,971,23,114990,3,19,19,10,16,7,512,2,53,4,5,15,1,11
209,333,8,64990,3,24,24,12,16,1,512,2,56,4,5,16,0,11
210,910,18,169990,3,22,62,10,32,7,1000,2,110,5,8,16,0,11
211,248,4,139990,3,22,63,10,32,8,1000,2,66,4,5,13,0,11
212,907,18,119990,3,22,62,10,16,7,1000,2,59,4,5,16,0,11
213,979,23,171990,3,22,62,10,32,8,1000,2,52,4,5,14,1,11
214,985,23,149990,3,22,62,10,16,8,512,2,52,4,5,16,1,11
215,247,4,129990,3,22,63,10,16,8,1000,2,66,4,5,13,0,11
216,467,11,108999,3,22,63,10,16,7,512,2,43,4,5,14,1,11
217,145,4,30990,3,28,89,10,8,1,256,2,72,4,5,15,0,11
218,408,11,60799,3,24,39,13,16,1,512,2,62,4,5,15,0,11
219,243,4,102900,3,22,30,10,16,8,1000,2,52,4,5,14,1,11
220,531,11,54990,3,23,20,12,8,1,512,2,72,4,5,14,1,11
221,25,2,38249,3,23,20,12,16,1,1000,2,84,4,5,15,0,11
222,621,14,43990,3,24,40,13,16,6,512,2,70,4,5,16,0,11
223,686,17,54990,3,24,25,12,16,7,512,2,74,4,5,15,0,11
224,737,17,15990,4,31,23,10,4,6,128,0,39,1,5,14,0,1
225,755,17,102990,3,25,50,13,16,2,512,2,109,5,6,15,0,11
226,138,4,53990,3,24,14,11,8,1,512,2,100,5,4,17,0,11
227,622,14,36990,3,23,38,13,16,6,512,2,70,4,5,16,0,11
228,444,11,24900,0,3,67,3,8,1,512,2,19,0,5,14,0,3
229,1005,28,49990,3,24,45,13,16,7,512,2,51,4,5,14,0,11
230,970,23,129900,3,25,47,13,16,7,512,2,79,4,5,13,1,11
231,422,11,50790,3,24,13,11,16,1,512,2,79,4,5,15,0,11
232,494,11,106590,0,5,98,7,16,2,1000,2,109,5,6,16,0,11
233,413,11,38990,3,23,20,12,8,1,512,2,84,4,5,15,0,11
234,479,11,103990,0,5,98,7,16,2,1000,2,109,5,6,16,0,11
235,5,2,32490,0,4,90,7,8,7,512,2,17,0,5,15,0,11
236,94,4,16490,3,16,116,10,8,1,128,2,84,4,5,11,0,11
237,445,11,33690,3,23,20,12,8,1,512,2,56,4,5,15,0,11
238,15,2,60999,3,24,43,13,16,1,512,2,100,5,4,15,0,11
239,1016,29,40990,3,25,29,12,16,1,512,2,56,4,5,15,0,11
240,110,4,81990,0,5,83,6,16,2,512,2,101,5,4,17,0,11
241,561,11,59990,3,24,25,12,8,1,512,2,100,5,4,15,0,11
242,258,6,27990,3,23,20,12,12,5,512,2,68,4,5,13,1,11
243,844,17,94190,0,5,95,7,16,2,1000,2,19,0,5,14,1,11
244,547,11,54990,0,4,92,7,8,2,512,2,100,5,4,15,0,11
245,446,11,34990,3,23,20,12,8,1,512,2,56,4,5,15,0,11
246,69,2,29990,0,4,72,5,8,1,512,2,17,0,5,14,0,11
247,614,14,29990,3,23,20,12,8,6,512,2,70,4,5,14,0,11
248,135,4,89650,3,25,34,12,16,2,1000,2,101,5,4,15,0,11
249,507,11,70490,3,24,40,13,16,1,1000,2,66,4,5,15,0,11
250,876,18,110990,3,25,33,12,16,2,1000,2,110,5,8,17,0,11
251,943,18,97990,3,25,33,12,16,1,512,2,110,5,8,15,0,11
252,929,18,45990,3,24,10,11,16,1,512,2,93,5,4,15,0,11
253,749,17,104990,3,25,122,13,16,2,512,2,110,5,8,15,0,11
254,496,11,113090,0,5,98,7,16,2,512,2,110,5,8,16,0,11
255,140,4,73990,3,24,27,12,16,2,512,2,101,5,4,17,0,11
256,156,4,82500,3,25,33,12,16,1,1000,2,100,5,4,14,0,11
257,115,4,101200,0,5,94,6,16,2,512,2,101,5,6,14,0,11
258,200,4,89990,3,24,25,12,16,1,512,2,119,5,6,16,0,11
259,934,18,51990,3,24,10,11,16,1,512,2,101,5,4,15,0,11
260,833,17,26990,0,3,87,7,8,1,512,2,19,0,5,15,0,11
261,73,3,131590,1,8,23,10,8,1,512,2,1,3,5,15,0,7
262,294,8,51915,3,24,23,12,16,1,512,2,84,4,5,15,0,11
263,522,11,62842,3,25,29,12,16,1,512,2,77,4,5,15,0,11
264,509,11,69490,3,24,42,13,16,1,512,2,66,4,5,15,0,11
265,0,0,114000,0,6,101,7,16,2,1000,2,11,0,8,15,0,11
266,229,4,122990,3,24,45,13,16,2,512,2,109,5,6,15,0,11
267,872,18,57990,3,25,17,11,16,1,1256,3,93,5,4,15,0,11
268,157,4,99990,3,24,45,13,16,1,512,2,118,5,4,14,0,11
269,63,2,99990,3,24,46,13,16,2,512,2,109,5,6,16,0,11
270,158,4,64990,3,24,45,13,16,1,512,2,48,4,5,15,0,11
271,72,3,113690,1,8,23,10,8,1,256,2,1,3,5,15,0,7
272,618,14,22990,3,16,117,11,8,6,512,2,72,4,5,15,0,11
273,399,11,38099,3,23,20,12,8,1,512,2,72,4,5,14,0,11
274,892,18,33990,0,4,91,7,8,1,512,2,17,0,5,14,0,11
275,887,18,31030,3,23,20,12,8,1,512,2,72,4,5,14,0,11
276,214,4,35990,0,3,87,7,8,7,512,2,17,0,5,15,0,11
277,967,23,64990,3,24,40,13,8,6,512,2,79,4,5,15,0,11
278,966,23,81990,3,25,47,13,16,6,512,2,79,4,5,15,0,11
279,570,11,65990,0,5,78,5,16,1,512,2,101,5,4,15,0,11
280,963,23,117990,3,25,48,13,16,6,512,2,79,4,5,15,1,11
281,288,8,34980,3,23,20,12,8,1,512,2,84,4,5,15,0,11
282,167,4,40689,3,23,21,12,8,1,512,2,84,4,5,15,0,11
283,568,11,60300,0,4,74,5,8,1,512,2,101,5,4,15,0,11
284,454,11,17990,3,16,116,10,4,5,64,0,74,4,5,14,1,1
285,637,17,18990,0,1,65,10,8,1,256,2,19,0,5,14,0,11
286,303,8,45390,0,4,76,5,8,1,512,2,26,0,5,15,0,11
287,566,11,56990,0,4,74,5,8,1,512,2,101,5,4,15,0,11
288,117,4,96000,3,25,33,12,16,2,1000,2,101,5,4,15,0,11
289,719,17,58990,3,24,23,12,16,1,512,2,79,4,5,15,0,11
290,414,11,46938,3,23,8,11,8,1,1256,3,72,4,5,15,0,11
291,306,8,33994,0,3,70,5,8,1,512,2,26,0,5,15,0,11
292,565,11,48890,0,4,74,5,8,1,512,2,93,5,4,15,0,11
293,120,4,72000,0,5,83,6,16,2,512,2,103,5,4,15,0,11
294,91,3,119990,1,9,23,10,8,1,256,2,0,3,5,13,0,7
295,151,4,21790,3,16,114,10,4,1,256,2,85,4,5,15,0,11
296,350,8,47999,3,24,2,10,8,1,512,2,54,4,5,14,0,9
297,538,11,146990,3,25,47,13,32,6,1000,2,79,4,5,13,1,11
298,477,11,174999,3,22,62,10,16,8,1000,2,110,5,8,14,0,11
299,469,11,120490,3,25,47,13,16,7,512,2,101,5,4,15,1,11
300,810,17,42990,3,23,38,13,8,1,512,2,70,4,5,16,0,11
301,400,11,41990,0,4,90,7,8,7,512,2,17,0,5,15,0,11
302,603,12,56990,3,24,43,13,16,9,512,2,84,4,5,14,0,11
303,914,18,229990,3,22,62,10,32,2,1000,2,110,5,8,15,0,11
304,869,18,107990,3,22,62,10,16,2,1000,2,109,5,6,15,0,11
305,870,18,99990,3,22,30,10,16,2,1000,2,109,5,6,15,0,11
306,917,18,249990,3,22,64,10,32,2,2000,2,110,5,8,16,0,11
307,909,18,189990,3,22,64,10,32,7,1000,2,110,5,8,16,0,11
308,972,23,122990,3,20,61,10,16,7,512,2,53,4,5,15,1,11
309,983,23,179990,3,22,62,10,16,8,1000,2,52,4,5,16,1,11
310,903,18,114990,3,22,62,10,16,7,1000,2,52,4,5,13,0,11
311,908,18,159990,3,22,62,10,32,7,1000,2,109,5,6,16,0,11
312,978,23,139990,3,22,62,10,16,8,512,2,52,4,5,14,1,11
313,980,23,131990,3,22,30,10,16,8,512,2,52,4,5,14,1,11
314,984,23,141990,3,22,30,10,16,8,512,2,52,4,5,16,1,11
315,986,23,181990,3,22,62,10,32,8,1000,2,52,4,5,16,1,11
316,805,17,79999,0,5,80,5,16,1,512,2,31,0,5,14,0,10
317,112,4,289990,3,26,60,14,32,2,2000,2,112,5,12,16,0,11
318,514,11,60517,0,5,77,5,16,1,1000,2,25,0,5,15,0,11
319,67,2,83990,3,22,30,10,16,8,512,2,58,4,5,14,0,11
320,542,11,195990,3,22,62,10,32,8,1000,2,109,5,6,16,1,11
321,495,11,115999,0,5,98,7,16,2,1000,2,109,5,6,16,0,11
322,281,8,102099,3,25,50,13,16,2,1000,2,101,5,6,15,0,11
323,756,17,84990,3,24,44,13,16,2,512,2,101,5,6,15,0,11
324,781,17,43990,3,23,38,13,8,2,512,2,84,4,5,14,0,11
325,435,11,48790,3,24,23,12,8,1,512,2,84,4,5,15,0,11
326,747,17,59990,3,24,26,12,8,2,512,2,57,4,4,15,0,11
327,788,17,52990,0,4,91,7,16,1,512,2,17,0,5,15,0,11
328,543,11,174490,3,22,62,10,32,8,2000,2,52,4,5,16,1,11
329,436,11,53799,3,24,23,12,16,1,512,2,84,4,5,15,0,11
330,493,11,176499,3,25,59,14,16,2,1000,2,111,5,8,16,0,11
331,260,6,20990,3,14,112,12,8,7,256,2,74,4,5,14,0,11
332,142,4,43990,3,24,13,11,16,1,512,2,67,4,5,14,0,11
333,996,25,15990,3,16,114,10,8,1,256,2,74,4,5,14,0,11
334,687,17,59490,3,24,43,13,16,7,512,2,46,4,5,15,0,11
335,284,8,81990,3,24,44,13,16,2,1000,2,101,5,6,15,0,11
336,377,8,187490,3,26,56,13,16,2,1000,2,111,5,8,16,0,11
337,707,17,53490,3,24,25,12,16,7,512,2,45,4,5,15,0,11
338,641,17,40490,0,4,72,5,16,1,512,2,10,0,5,15,0,11
339,17,2,35999,3,23,37,13,8,7,512,2,84,4,5,15,0,11
340,741,17,87190,3,25,52,13,16,7,1000,2,79,4,5,16,0,11
341,338,8,57990,3,23,38,13,8,7,512,2,84,4,5,14,1,11
342,713,17,64990,3,24,25,12,16,7,1000,2,46,4,5,14,0,11
343,740,17,74190,3,24,43,13,16,7,1000,2,46,4,5,14,0,11
344,629,15,14999,4,32,111,10,4,5,64,0,40,1,5,11,0,12
345,4,2,31990,3,23,113,10,8,7,512,2,84,4,5,15,0,11
346,39,2,45100,3,24,23,12,16,1,512,2,79,4,5,15,0,11
347,89,3,230590,1,12,23,10,18,1,512,2,3,3,5,16,0,7
348,86,3,176490,1,10,23,10,8,1,1000,2,0,3,5,14,0,7
349,83,3,289690,1,11,23,10,36,1,1000,2,4,3,5,14,0,7
350,84,3,224990,1,12,23,10,18,1,1000,2,3,3,5,14,0,7
351,99,4,16990,3,16,116,10,8,6,128,0,72,4,5,15,0,1
352,734,17,58900,0,4,92,7,8,2,512,2,100,5,4,15,0,11
353,299,8,36990,3,23,20,12,8,1,512,2,72,4,5,15,0,11
354,680,17,50390,0,4,71,5,8,1,512,2,100,5,4,15,0,11
355,562,11,94490,3,25,33,12,16,1,512,2,109,5,6,15,0,11
356,951,19,78890,3,24,23,12,8,7,256,2,79,4,5,12,1,11
357,545,11,58999,3,24,25,12,8,1,512,2,100,5,4,15,0,11
358,419,11,50990,0,5,77,5,16,1,512,2,10,0,5,15,0,11
359,232,4,79990,0,5,79,5,16,1,1000,2,101,5,4,15,0,11
360,212,4,47990,0,4,90,7,16,7,512,2,17,0,5,14,0,11
361,188,4,43990,3,23,20,12,16,1,512,2,72,4,5,16,0,11
362,931,18,44990,3,24,10,11,16,1,512,2,94,5,4,15,0,11
363,770,17,132190,0,5,98,7,16,2,1000,2,110,5,8,16,0,11
364,643,17,32290,0,3,87,7,8,7,512,2,12,0,5,15,0,11
365,206,4,75000,3,24,25,12,16,1,512,2,119,5,6,16,0,11
366,203,4,104990,3,24,45,13,16,1,512,2,119,5,6,16,0,11
367,678,17,66990,0,5,83,6,8,1,512,2,101,5,4,15,0,11
368,842,17,91190,3,24,41,13,16,7,1000,2,44,4,5,14,1,11
369,213,4,27990,3,14,116,10,8,1,256,2,72,4,5,14,0,11
370,499,11,339999,3,26,56,13,32,2,1000,2,113,5,16,17,0,11
371,662,17,48490,0,4,71,5,8,1,512,2,100,5,4,15,0,11
372,959,21,12990,4,30,23,10,4,5,64,0,33,1,5,11,0,8
373,57,2,19990,3,16,116,10,8,1,256,2,72,4,5,11,0,11
374,139,4,71990,3,24,27,12,8,2,512,2,101,5,4,17,0,11
375,850,17,80990,3,24,45,13,16,8,1000,2,70,4,5,14,0,11
376,58,2,17990,3,16,116,10,8,1,128,2,72,4,5,11,0,11
377,439,11,34999,3,23,20,12,8,1,512,2,72,4,5,15,0,11
378,772,17,139190,3,25,49,13,16,2,1000,2,110,5,8,16,0,11
379,503,11,66990,3,24,23,12,16,1,1000,2,70,4,5,14,0,11
380,71,2,47990,3,25,16,11,16,1,1000,2,70,4,5,14,0,11
381,676,17,61712,0,4,82,6,8,1,512,2,101,5,4,15,0,11
382,853,18,79990,0,5,94,7,16,2,512,2,24,0,4,15,0,11
383,397,11,27990,3,16,116,10,8,1,512,2,84,4,5,14,0,11
384,960,21,13990,4,30,23,10,4,5,128,0,33,1,5,11,0,8
385,186,4,95689,3,26,54,13,16,1,1000,2,44,4,5,16,0,11
386,237,4,72300,0,5,78,5,16,1,1000,2,19,0,5,14,1,11
387,677,17,63889,0,4,82,6,16,1,512,2,101,5,4,15,0,11
388,675,17,46490,0,4,71,5,8,1,512,2,100,5,4,15,0,11
389,364,8,42990,3,24,13,11,8,1,512,2,84,4,5,15,0,11
390,367,8,55600,3,24,40,13,8,1,512,2,60,4,5,15,0,11
391,108,4,94990,3,24,44,13,16,2,1000,2,101,5,6,16,0,11
392,366,8,36990,0,4,72,5,8,1,512,2,19,0,5,15,0,11
393,610,14,36990,3,24,15,11,16,6,1000,2,70,4,5,14,0,11
394,581,11,50490,0,4,74,5,8,1,512,2,22,0,4,15,0,11
395,555,11,97000,3,24,45,13,16,1,512,2,109,5,6,15,0,11
396,175,4,41990,3,23,20,12,16,1,512,2,72,4,5,15,0,11
397,508,11,72490,3,24,40,13,16,1,1000,2,66,4,5,15,0,11
398,424,11,28990,3,16,116,10,8,1,512,2,72,4,5,15,0,11
399,228,4,72990,0,5,83,6,16,7,512,2,101,5,4,15,0,11
400,730,17,62190,3,24,25,12,16,7,512,2,84,4,5,16,0,11
401,453,11,23999,0,3,67,3,8,1,512,2,19,0,5,15,0,2
402,696,17,37990,3,23,20,12,8,1,512,2,133,4,5,15,0,11
403,415,11,44800,0,4,72,5,16,1,512,2,17,0,5,15,0,11
404,712,17,60190,3,24,25,12,16,7,512,2,84,4,5,14,0,11
405,704,17,45990,0,4,90,7,16,7,512,2,13,0,5,15,0,11
406,210,4,35990,0,3,87,7,8,7,512,2,17,0,5,14,0,11
407,594,11,48990,0,4,74,5,8,1,512,2,18,0,4,15,0,11
408,325,8,83449,3,25,47,13,16,7,1000,2,79,4,5,14,0,11
409,585,11,54990,0,4,92,7,8,2,512,2,100,5,4,15,0,11
410,714,17,62990,3,24,25,12,16,7,1000,2,53,4,5,14,0,11
411,888,18,53138,3,25,29,12,16,1,512,2,70,4,5,14,0,11
412,1002,27,25990,3,23,9,11,8,5,512,2,53,4,5,15,0,11
413,918,18,278490,3,26,54,13,32,2,2000,2,111,5,8,16,0,11
414,613,14,43990,3,25,29,12,16,6,512,2,70,4,5,14,0,11
415,615,14,36990,3,24,23,12,16,6,512,2,70,4,5,14,0,11
416,361,8,38990,3,23,37,13,8,1,512,2,84,4,5,14,0,11
417,313,8,44990,0,4,90,7,8,7,1000,2,19,0,5,15,0,11
418,362,8,57990,3,24,40,13,8,1,512,2,79,4,5,14,0,11
419,556,11,109490,3,25,52,13,16,1,512,2,109,5,6,15,0,11
420,141,4,35990,3,23,20,12,8,1,512,2,84,4,5,14,0,11
421,484,11,90990,3,24,43,13,16,2,512,2,109,5,6,16,0,11
422,703,17,43990,0,4,90,7,16,7,512,2,9,0,5,15,0,11
423,227,4,66990,0,5,78,5,16,1,512,2,100,5,4,15,0,11
424,147,4,31990,3,23,8,11,8,1,512,2,84,4,5,15,0,11
425,432,11,36790,3,23,8,11,8,1,512,2,84,4,5,15,0,11
426,751,17,79990,3,24,25,12,16,2,512,2,101,5,6,15,0,11
427,535,11,72990,3,24,40,13,16,1,512,2,70,4,5,14,1,11
428,753,17,90990,3,24,25,12,16,2,512,2,110,5,8,15,0,11
429,746,17,116990,0,5,98,7,16,2,512,2,110,5,8,15,0,11
430,488,11,132490,3,25,53,13,16,2,512,2,110,5,8,16,0,11
431,776,17,150000,3,26,54,13,32,2,1000,2,111,5,8,16,0,11
432,897,18,41790,3,24,15,11,16,1,512,2,70,4,5,15,0,11
433,44,2,94990,0,5,98,7,8,2,512,2,110,5,8,16,0,11
434,45,2,129990,0,5,98,7,16,2,512,2,110,5,8,16,0,11
435,160,4,61625,3,24,40,13,16,1,512,2,44,4,5,15,0,11
436,329,8,86730,3,25,48,13,16,7,1000,2,79,4,5,14,0,11
437,202,4,104990,3,25,33,12,16,1,512,2,120,5,8,16,0,11
438,782,17,31800,0,3,88,7,8,1,512,2,17,0,5,15,0,3
439,661,17,63990,0,4,74,5,8,1,512,2,101,5,4,15,0,11
440,928,18,41990,3,24,10,11,8,1,512,2,93,5,4,15,0,11
441,165,4,66990,3,24,40,13,16,1,512,2,44,4,5,15,0,11
442,155,4,67990,3,24,25,12,16,1,512,2,100,5,4,14,0,11
443,468,11,80999,3,24,23,12,16,1,512,2,79,4,5,15,1,11
444,169,4,53990,3,24,27,12,8,1,512,2,79,4,5,15,0,11
445,393,11,43990,3,23,38,13,8,1,512,2,84,4,5,14,0,11
446,787,17,46400,0,5,93,7,8,1,512,2,17,0,5,15,0,3
447,957,20,79999,0,5,94,7,32,2,2000,2,14,0,5,16,0,11
448,197,4,57990,3,24,25,12,8,1,512,2,117,5,4,16,0,11
449,123,4,70990,3,24,27,12,8,2,512,2,101,5,4,15,0,11
450,332,8,75990,3,24,24,12,16,1,512,2,99,5,2,16,0,11
451,511,11,69990,3,24,42,13,16,1,512,2,66,4,5,15,0,11
452,375,8,355490,3,26,54,13,32,2,1000,2,111,5,8,17,1,11
453,830,17,32780,3,23,20,12,8,1,512,2,72,4,5,15,0,3
454,886,18,34990,3,23,20,12,16,1,512,2,72,4,5,14,0,11
455,504,11,58800,0,5,93,7,16,1,512,2,30,0,5,15,0,11
456,223,4,59990,0,4,75,5,8,1,512,2,100,5,4,15,0,11
457,819,17,32490,3,23,20,12,8,1,512,2,72,4,5,14,0,11
458,378,8,158990,3,25,50,13,16,2,1000,2,110,5,8,16,0,11
459,501,11,156990,3,25,53,13,16,2,1000,2,110,5,8,17,0,11
460,290,8,39490,3,23,37,13,8,1,512,2,72,4,5,15,0,11
461,758,17,172990,3,25,52,13,32,2,1000,2,113,5,16,16,0,11
462,574,11,62687,0,4,74,5,16,1,512,2,21,0,4,15,0,11
463,552,11,67990,3,24,25,12,16,1,512,2,101,5,4,15,0,11
464,576,11,59990,0,4,74,5,8,1,512,2,101,5,4,15,0,11
465,144,4,38990,3,23,8,11,16,1,512,2,67,4,5,14,0,11
466,280,8,130990,3,25,50,13,16,2,512,2,109,5,6,15,0,11
467,379,8,178490,3,26,56,13,16,2,1000,2,110,5,8,16,0,11
468,1004,28,43990,3,24,27,12,16,2,512,2,79,4,5,14,0,11
469,180,4,39990,3,23,38,13,8,1,512,2,46,4,5,15,0,11
470,533,11,89990,3,25,47,13,16,1,512,2,70,4,5,14,1,11
471,125,4,109990,3,25,52,13,16,1,512,2,109,5,6,15,0,11
472,196,4,66990,3,24,25,12,16,1,512,2,100,5,4,16,0,11
473,10,2,69990,3,25,47,13,8,1,512,2,100,5,4,14,0,11
474,126,4,149990,3,26,54,13,16,1,1000,2,110,5,8,15,0,11
475,104,4,144900,0,6,101,10,16,7,1000,2,109,5,6,13,1,11
476,113,4,114990,0,5,94,7,16,2,1000,2,109,5,6,14,0,11
477,109,4,109676,3,24,44,13,16,2,1000,2,109,5,6,16,0,11
478,106,4,198999,3,26,58,13,16,2,1000,2,111,5,8,16,0,11
479,170,4,47250,3,24,23,12,8,1,512,2,77,4,5,15,0,11
480,433,11,51549,3,24,15,11,16,1,512,2,70,4,5,15,0,11
481,407,11,60499,3,24,40,13,16,1,512,2,62,4,5,15,0,11
482,193,4,109990,3,26,54,13,16,1,1000,2,118,5,4,16,0,11
483,246,4,199990,3,24,45,13,16,7,1000,2,109,5,6,14,1,11
484,515,11,53999,0,4,76,5,8,1,512,2,19,0,5,15,0,11
485,192,4,75990,3,24,45,13,16,1,512,2,118,5,4,16,0,11
486,136,4,55689,3,24,14,11,8,1,512,2,100,5,4,17,0,11
487,60,2,32990,3,24,13,11,8,1,512,2,132,4,5,14,0,11
488,405,11,43490,0,4,90,7,16,7,512,2,17,0,5,15,0,11
489,401,11,89999,3,25,48,13,16,1,1000,2,62,4,5,15,0,11
490,406,11,41780,3,23,38,13,8,1,512,2,62,4,5,15,0,11
491,572,11,52999,0,4,74,5,8,1,512,2,93,5,4,15,0,11
492,65,2,112990,3,25,53,13,16,2,512,2,109,5,6,16,0,11
493,359,8,37790,0,4,72,5,8,1,512,2,19,0,5,14,0,11
494,867,18,55990,3,24,25,12,8,2,512,2,126,5,4,15,0,11
495,402,11,33990,0,3,87,7,8,7,512,2,17,0,5,15,0,11
496,557,11,107990,3,25,52,13,16,1,512,2,109,5,6,15,0,11
497,242,4,89999,3,24,41,13,16,7,512,2,79,4,5,14,1,11
498,240,4,109900,3,26,54,13,16,7,1000,2,70,4,5,15,0,11
499,164,4,68990,3,24,45,13,16,1,512,2,44,4,5,15,0,11
500,235,4,58990,0,4,74,5,8,1,512,2,17,0,5,14,1,11
501,1019,17,20990,3,16,116,10,8,1,256,2,62,4,5,15,0,3
502,3,2,29990,3,23,113,10,8,1,512,2,84,4,5,14,0,11
503,601,12,54990,3,24,25,12,16,1,512,2,84,4,5,14,0,11
504,827,17,32990,3,23,20,12,8,1,512,2,72,4,5,15,0,11
505,404,11,41697,0,4,90,7,8,7,512,2,17,0,5,15,0,11
506,360,8,49990,0,4,76,5,16,1,512,2,19,0,5,14,0,11
507,780,17,45990,3,24,23,12,8,1,512,2,79,4,5,14,0,11
508,882,18,35090,3,24,15,11,8,1,512,2,70,4,5,14,0,11
509,885,18,39499,3,24,23,12,8,1,512,2,70,4,5,14,0,11
510,42,2,29990,3,23,113,10,8,7,512,2,72,4,5,15,0,11
511,921,18,159990,3,25,48,13,32,7,1000,2,109,5,6,16,1,11
512,884,18,41990,3,24,23,12,16,1,512,2,70,4,5,14,0,11
513,883,18,32990,3,23,8,11,8,1,512,2,72,4,5,14,0,11
514,215,4,42990,0,4,90,7,8,7,512,2,17,0,5,15,0,11
515,216,4,43990,0,4,90,7,16,7,512,2,17,0,5,15,0,11
516,218,4,46990,0,3,87,7,8,7,512,2,17,0,5,15,0,11
517,569,11,67151,0,4,74,5,16,1,512,2,101,5,4,15,0,11
518,823,17,33990,0,4,72,5,8,1,512,2,19,0,5,15,0,11
519,694,17,40990,0,4,72,5,16,1,512,2,10,0,5,15,0,11
520,683,17,33990,0,3,87,10,8,7,512,2,19,0,5,15,0,11
521,969,23,124990,3,25,48,13,16,7,512,2,132,4,5,14,0,11
522,968,23,116990,3,24,41,13,16,7,512,2,132,4,5,14,0,11
523,964,23,133990,3,25,48,13,16,6,1000,2,79,4,5,15,1,11
524,962,23,109990,3,24,41,13,16,6,512,2,79,4,5,15,1,11
525,443,11,25599,0,3,67,3,8,1,512,2,19,0,5,14,0,11
526,148,4,31990,3,23,8,11,8,1,512,2,84,4,5,15,0,11
527,958,21,14990,4,30,23,10,4,5,128,0,33,1,5,11,0,0
528,582,11,49728,0,4,74,5,8,1,512,2,23,0,4,15,0,11
529,423,11,36990,3,23,8,11,8,1,512,2,84,4,5,15,0,11
530,524,11,71790,3,24,27,12,16,1,512,2,70,4,5,14,0,11
531,965,23,69990,3,24,121,13,8,6,512,2,70,4,5,15,0,11
532,666,17,49990,3,24,11,11,8,1,512,2,93,5,4,15,0,11
533,411,11,31890,0,3,69,5,8,1,512,2,19,0,5,15,0,11
534,302,8,47790,3,24,23,12,8,1,512,2,79,4,5,15,0,11
535,357,8,54990,3,24,23,12,16,1,512,2,84,4,5,14,0,11
536,461,11,80969,3,24,22,12,16,6,512,2,70,4,5,13,1,11
537,358,8,46990,3,24,23,12,8,1,512,2,84,4,5,14,0,11
538,955,19,161300,3,25,29,12,16,7,256,2,79,4,5,13,1,11
539,952,19,261990,3,25,29,12,32,7,1000,2,79,4,5,13,1,11
540,954,19,102990,3,24,23,12,8,7,128,2,79,4,5,13,1,11
541,276,8,93831,0,5,83,6,16,2,512,2,104,5,6,15,0,11
542,953,19,99990,3,24,23,12,8,7,256,2,79,4,5,13,1,11
543,657,17,66999,0,5,77,5,16,1,512,2,10,0,5,14,1,11
544,293,8,45990,3,24,23,12,8,1,512,2,84,4,5,15,0,11
545,316,8,69994,3,24,24,12,16,2,512,2,72,4,5,13,0,11
546,460,11,75990,3,24,22,12,8,6,512,2,76,4,5,13,1,11
547,825,17,29990,0,3,69,5,8,1,512,2,19,0,5,15,0,11
548,811,17,29990,3,21,124,10,8,1,256,2,61,4,5,14,0,11
549,59,2,26990,0,3,67,3,8,1,256,2,19,0,5,14,0,11
550,567,11,63999,0,5,78,5,16,1,512,2,101,5,4,16,0,11
551,695,17,47990,3,24,23,12,8,1,512,2,133,4,5,15,0,11
552,936,18,56990,3,25,17,11,8,1,512,2,101,5,4,15,0,10
553,521,11,53990,3,24,23,12,16,1,512,2,79,4,5,15,0,11
554,548,11,60479,3,24,25,12,8,1,512,2,93,5,4,15,0,11
555,427,11,49999,3,24,23,12,8,1,512,2,77,4,5,15,0,11
556,519,11,44013,0,4,72,5,16,1,512,2,19,0,5,15,0,11
557,549,11,61499,3,24,25,12,8,1,512,2,93,5,4,15,0,11
558,277,8,82588,0,5,83,6,16,2,512,2,101,5,4,15,0,11
559,190,4,52100,0,4,74,5,16,1,512,2,28,0,5,16,0,11
560,356,8,41899,3,24,13,11,8,1,512,2,84,4,5,14,0,11
561,337,8,75290,3,24,23,12,8,1,512,2,98,5,2,14,1,11
562,336,8,83990,3,25,29,12,16,1,512,2,98,5,2,14,1,11
563,932,18,46990,3,24,14,11,8,1,512,2,116,5,4,15,0,10
564,523,11,58990,3,24,24,12,8,1,512,2,71,4,5,15,0,11
565,502,11,76990,3,25,29,12,16,1,1000,2,79,4,5,14,0,11
566,520,11,61999,3,24,24,12,8,1,512,2,77,4,5,15,0,11
567,331,8,67990,3,24,27,12,8,2,512,2,101,5,4,15,0,11
568,273,8,117490,3,25,34,12,16,2,512,2,104,5,6,15,0,11
569,590,11,76999,0,5,78,5,16,1,512,2,104,5,6,16,0,11
570,92,4,15990,3,16,116,10,4,1,128,2,84,4,5,11,0,11
571,93,4,14490,3,16,116,10,4,1,128,2,84,4,5,11,0,11
572,272,8,245490,3,25,17,11,16,1,1000,2,88,5,6,15,0,11
573,506,11,76600,3,24,24,12,16,1,512,2,82,4,5,15,0,11
574,530,11,66999,3,25,18,11,16,1,512,2,79,4,5,14,1,11
575,369,8,58990,0,4,76,5,16,1,512,2,32,0,5,16,0,11
576,417,11,38250,0,4,72,5,8,1,512,2,19,0,5,15,0,11
577,416,11,32610,0,3,69,5,8,1,512,2,17,0,5,15,0,11
578,759,17,106305,0,5,78,5,16,1,1000,2,104,5,6,16,0,11
579,354,8,114900,3,25,16,11,16,1,512,2,79,4,5,14,0,10
580,505,11,55999,0,4,74,5,8,1,512,2,93,5,4,15,0,10
581,320,8,86999,3,25,16,11,16,1,512,2,77,4,5,14,1,10
582,251,5,38990,3,25,6,10,16,1,1000,2,72,4,5,14,0,10
583,956,19,69000,5,33,119,10,8,6,128,2,34,2,5,13,1,10
584,252,5,20490,0,4,68,3,8,1,512,2,29,0,5,14,0,10
585,76,3,109999,3,25,122,10,8,6,512,2,75,4,5,13,0,5
586,988,23,59411,3,24,121,10,8,1,1000,2,84,4,5,13,0,10
587,90,3,201498,3,26,123,9,32,1,2000,2,131,6,4,16,0,6
588,458,11,90464,3,24,102,8,8,1,512,2,49,4,5,14,0,10
589,319,8,87990,3,25,103,8,8,1,256,2,41,5,4,13,0,10
590,605,12,56990,3,24,43,13,8,6,512,2,84,4,5,16,0,11
591,602,12,54990,3,24,43,13,8,9,512,2,84,4,5,14,0,11
592,796,17,109990,3,25,48,13,16,8,512,2,124,5,4,14,0,11
593,797,17,129990,3,25,48,13,16,8,512,2,124,5,4,14,0,11
594,809,17,63490,3,24,40,13,8,1,512,2,70,4,5,16,0,11
595,623,14,37990,3,23,38,13,8,6,512,2,70,4,5,16,0,11
596,862,18,87990,3,24,43,13,16,1,512,2,70,4,5,14,0,11
597,647,17,30700,3,16,114,4,8,1,512,2,85,4,5,15,0,11
598,606,12,58990,3,24,43,13,16,6,512,2,84,4,5,16,0,11
599,878,18,104990,0,5,106,8,16,2,512,2,109,5,6,15,0,11
600,861,18,109990,3,25,52,13,32,1,1000,2,70,4,5,14,0,11
601,924,18,65990,0,4,92,7,16,1,512,2,100,5,4,15,0,11
602,923,18,71990,0,4,92,7,16,1,512,2,101,5,4,15,0,11
603,926,18,81990,0,4,92,7,16,1,512,2,109,5,6,15,0,11
604,925,18,91990,0,5,94,7,16,1,1000,2,109,5,6,15,0,11
605,927,18,99990,0,5,94,7,16,1,1000,2,110,5,8,15,0,11
606,946,18,279990,3,26,60,14,32,2,2000,2,112,5,12,17,0,11
607,612,14,32990,3,24,15,11,8,6,512,2,70,4,5,14,0,11
608,900,18,69990,3,25,52,13,16,1,1000,2,70,4,5,15,0,11
609,899,18,79990,3,26,54,13,16,1,1000,2,70,4,5,15,0,11
610,901,18,59990,3,24,43,13,16,1,512,2,70,4,5,15,0,11
611,259,6,21990,3,16,112,12,8,7,256,2,74,4,5,15,0,11
612,916,18,199990,3,22,62,10,32,2,1000,2,110,5,8,16,0,11
613,896,18,58990,3,24,43,13,16,1,512,2,70,4,5,14,0,11
614,754,17,73882,3,24,25,12,16,2,512,2,100,5,4,15,0,11
615,894,18,78990,3,26,54,13,16,1,1000,2,70,4,5,14,0,11
616,895,18,68990,3,25,49,13,16,1,1000,2,70,4,5,14,0,11
617,904,18,99990,3,22,30,10,16,7,1000,2,52,4,5,13,0,11
618,119,4,65990,3,24,14,11,16,3,512,2,100,5,4,17,0,11
619,282,8,79990,3,24,44,13,16,2,512,2,101,5,6,15,0,11
620,791,17,73990,3,24,40,13,16,1,512,2,84,4,5,14,0,11
621,804,17,55990,3,24,23,12,16,1,512,2,79,4,5,15,0,11
622,392,11,97990,3,25,47,13,16,8,1000,2,65,4,5,14,0,11
623,262,6,39990,3,24,3,10,12,4,512,2,84,4,5,12,0,11
624,624,14,52990,3,25,47,13,16,6,512,2,70,4,5,16,0,11
625,739,17,28190,3,27,112,10,4,6,128,0,84,4,5,14,0,1
626,516,11,58500,0,4,91,7,16,1,512,2,19,0,5,15,0,11
627,663,17,50990,0,4,71,5,16,1,512,2,100,5,4,15,0,11
628,95,4,26990,4,31,23,10,8,6,128,0,38,1,5,14,1,1
629,790,17,49990,3,23,38,13,8,1,512,2,84,4,5,16,0,11
630,36,2,49199,3,24,23,12,16,1,1000,2,79,4,5,15,0,11
631,541,11,159990,3,22,62,10,32,8,1000,2,52,4,5,14,1,11
632,540,11,159990,3,22,62,10,32,8,1000,2,52,4,5,14,1,11
633,51,2,73990,3,24,43,13,16,2,512,2,101,5,6,15,0,11
634,699,17,43990,3,23,37,13,8,7,512,2,46,4,5,15,0,11
635,256,6,34990,3,24,4,10,16,1,512,2,84,4,5,14,0,11
636,250,5,32971,0,4,72,5,8,1,256,2,10,0,5,14,0,11
637,801,17,145000,3,24,109,11,8,6,1000,2,60,4,5,13,1,10
638,473,11,80640,0,4,91,7,8,7,512,2,17,0,5,15,1,11
639,902,18,113999,3,22,62,10,16,7,512,2,52,4,5,13,0,11
640,487,11,151490,3,25,53,13,16,2,512,2,110,5,8,16,0,11
641,732,17,53990,3,23,20,12,8,5,512,2,72,4,5,14,1,11
642,66,2,199999,3,22,64,10,32,8,2000,2,111,5,8,16,0,11
643,814,17,45990,3,24,13,11,8,1,512,2,84,4,5,14,0,3
644,691,17,48900,3,24,15,11,8,1,512,2,44,4,5,15,0,11
645,101,4,34990,3,23,20,12,8,7,128,0,72,4,5,14,0,1
646,812,17,45990,3,24,13,11,8,1,512,2,70,4,5,14,0,10
647,56,2,149900,0,5,106,8,16,2,1000,2,110,5,8,16,0,11
648,608,13,81999,2,13,107,10,16,1,512,2,79,4,5,14,0,4
649,710,17,62990,3,25,29,12,16,1,512,2,45,4,5,15,0,11
650,849,17,81400,3,24,45,13,16,8,1000,2,70,4,5,14,0,11
651,607,13,80999,3,26,54,13,16,1,1000,2,79,4,5,14,1,11
652,314,8,34450,0,3,87,7,8,7,512,2,19,0,5,15,0,11
653,639,17,26490,3,16,114,4,8,1,256,2,72,4,5,14,0,11
654,412,11,51980,0,5,77,5,16,1,512,2,17,0,5,15,0,11
655,665,17,67990,3,24,25,12,16,1,512,2,101,5,4,15,0,11
656,353,8,35500,3,23,8,11,8,1,512,2,84,4,5,15,0,9
657,300,8,34990,3,23,8,11,8,1,512,2,84,4,5,15,0,11
658,806,17,67900,3,24,23,12,8,1,512,2,79,4,5,14,0,3
659,692,17,31500,3,23,8,11,8,1,256,2,84,4,5,15,0,11
660,865,18,519990,3,26,58,13,64,2,4000,2,108,5,12,17,0,11
661,23,2,50000,3,24,15,11,16,1,1000,2,79,4,5,15,0,11
662,800,17,218990,3,25,47,13,16,7,1000,2,79,4,5,14,0,11
663,249,5,30834,3,23,20,12,8,1,512,2,60,4,5,15,0,11
664,37,2,43990,3,24,23,12,8,1,512,2,79,4,5,15,0,11
665,253,5,19299,3,16,114,10,8,1,256,2,74,4,5,14,0,11
666,852,17,123190,3,25,48,13,16,7,1000,2,70,4,5,13,1,11
667,13,2,46990,3,24,23,12,8,1,512,2,78,4,5,15,0,11
668,254,5,20035,3,16,114,10,8,1,512,2,74,4,5,15,0,11
669,539,11,154999,3,25,47,13,16,6,512,2,79,4,5,13,1,11
670,536,11,79000,3,24,23,12,16,1,512,2,79,4,5,14,0,11
671,30,2,44990,3,24,15,11,8,1,1000,2,79,4,5,15,0,11
672,778,17,48989,3,24,23,12,8,1,512,2,84,4,5,14,0,3
673,12,2,59900,3,24,40,13,16,7,512,2,70,4,5,14,0,11
674,345,8,88990,3,24,40,13,8,7,512,2,56,4,5,14,1,11
675,529,11,124999,3,25,52,13,16,1,1000,2,101,5,6,16,0,11
676,385,10,72990,3,24,27,12,8,1,512,2,109,5,6,15,0,11
677,671,17,52400,3,24,12,11,16,1,512,2,93,5,4,15,0,11
678,310,8,66990,3,24,40,13,16,1,1000,2,84,4,5,15,0,11
679,947,18,184990,3,25,53,13,16,2,1000,2,111,5,8,16,0,11
680,841,17,91190,3,24,41,13,16,7,512,2,44,4,5,14,1,11
681,181,4,58990,0,4,91,7,16,1,1000,2,79,4,5,15,0,11
682,182,4,62940,0,5,93,7,16,1,512,2,42,0,5,15,0,11
683,836,17,34821,0,4,90,7,8,2,512,2,19,0,5,15,0,11
684,685,17,37800,3,23,8,11,8,1,512,2,84,4,5,14,0,11
685,649,17,32990,3,23,20,12,8,1,256,2,84,4,5,15,0,11
686,211,4,45890,0,4,90,7,16,7,512,2,17,0,5,14,0,11
687,22,2,53499,3,25,16,11,16,1,1000,2,79,4,5,15,0,11
688,231,4,76990,0,5,79,5,16,1,512,2,101,5,4,15,0,11
689,41,2,23990,3,16,116,10,8,6,64,2,72,4,5,14,0,1
690,297,8,36490,3,23,8,11,8,1,512,2,84,4,5,15,0,11
691,339,8,47974,3,23,38,13,8,7,256,2,84,4,5,14,1,11
692,999,25,13990,3,16,114,10,4,1,128,2,74,4,5,14,0,11
693,1013,29,31990,3,24,23,12,8,1,512,2,56,4,5,15,0,11
694,55,2,65990,3,24,43,13,16,2,512,2,100,5,4,15,0,11
695,440,11,49980,3,24,23,12,8,1,512,2,72,4,5,15,0,11
696,997,25,15990,3,16,114,10,8,1,256,2,74,4,5,14,0,11
697,54,2,63990,3,24,43,13,8,2,512,2,100,5,4,15,0,11
698,482,11,161039,3,25,53,13,16,2,512,2,109,5,6,16,0,11
699,528,11,89990,0,5,97,7,16,8,1000,2,16,0,5,14,0,11
700,500,11,151990,3,25,53,13,16,2,512,2,110,5,8,17,0,11
701,851,17,80190,3,24,45,13,16,7,512,2,70,4,5,14,0,11
702,674,17,51990,0,4,74,5,8,1,512,2,100,5,4,15,0,11
703,640,17,37990,0,4,72,5,8,1,512,2,10,0,5,15,0,11
704,137,4,61786,3,24,14,11,16,1,512,2,100,5,4,17,0,11
705,327,8,58990,3,24,40,13,8,7,512,2,79,4,5,14,0,11
706,656,17,73990,3,24,40,13,16,6,512,2,70,4,5,14,1,11
707,764,17,164190,0,5,96,7,16,2,1000,2,111,5,8,16,0,11
708,848,17,106000,3,25,52,13,16,8,512,2,70,4,5,14,0,11
709,654,17,87774,0,5,84,6,16,7,512,2,101,5,4,16,0,11
710,760,17,103395,0,5,78,5,16,1,512,2,104,5,6,16,0,11
711,648,17,39990,0,4,90,7,8,7,512,2,12,0,5,15,0,11
712,765,17,298990,3,26,56,13,32,2,1000,2,121,5,12,16,0,11
713,722,17,72190,3,24,43,13,16,7,512,2,44,4,5,14,0,11
714,866,18,449990,3,26,57,13,64,2,2000,2,122,5,8,16,0,11
715,843,17,116190,3,25,48,13,16,7,1000,2,19,0,5,14,1,11
716,655,17,87990,3,25,47,13,16,6,512,2,70,4,5,14,1,11
717,650,17,32690,3,23,20,12,8,1,256,2,84,4,5,15,0,11
718,40,2,19990,3,17,116,10,4,6,64,0,72,4,5,11,0,1
719,684,17,32500,0,3,87,7,8,7,512,2,19,0,5,15,0,11
720,105,4,86990,0,5,83,6,16,2,1000,2,114,5,4,15,0,11
721,9,2,60999,3,24,40,13,16,1,512,2,100,5,4,15,0,11
722,287,8,44890,3,24,13,11,8,1,512,2,74,4,5,15,0,11
723,644,17,39990,0,4,90,7,8,7,512,2,12,0,5,15,0,11
724,236,4,68990,0,4,74,5,16,1,1000,2,19,0,5,14,1,11
725,600,11,89900,3,24,13,11,16,1,512,2,84,4,5,14,0,11
726,349,8,89990,3,25,16,11,16,1,512,2,79,4,5,14,0,11
727,698,17,32990,3,23,20,12,8,1,256,2,133,4,5,15,0,11
728,450,11,20990,0,0,66,3,4,1,256,2,8,0,5,15,0,11
729,642,17,26990,0,0,86,10,8,7,512,2,13,0,5,15,0,11
730,821,17,28990,0,3,87,7,8,7,512,2,10,0,5,14,0,11
731,828,17,44900,3,24,23,12,8,1,512,2,72,4,5,15,0,11
732,107,4,89850,3,24,44,13,16,2,512,2,101,5,6,16,0,11
733,863,18,239990,3,25,53,13,32,2,1000,2,110,5,8,16,0,11
734,808,17,57990,3,25,29,12,16,1,512,2,70,4,5,15,0,11
735,442,11,64490,3,24,23,12,8,1,512,2,56,4,5,14,0,11
736,660,17,64990,0,4,91,7,16,6,512,2,17,0,5,14,1,11
737,711,17,42490,3,23,37,13,8,7,512,2,84,4,5,15,0,11
738,597,11,124000,3,25,29,12,16,2,1000,2,79,4,5,16,0,11
739,652,17,35232,3,23,8,11,8,1,512,2,72,4,5,15,0,11
740,307,8,66450,3,24,40,13,16,1,1000,2,84,4,5,15,0,11
741,690,17,47490,3,24,15,11,16,1,512,2,79,4,5,15,0,11
742,24,2,35499,3,23,8,11,16,1,512,2,84,4,5,15,0,11
743,669,17,50990,3,24,12,11,8,1,512,2,95,5,4,15,0,11
744,839,17,86190,0,5,93,7,16,6,1000,2,19,0,5,13,1,11
745,658,17,64990,0,5,77,5,16,1,512,2,10,0,5,14,1,11
746,998,25,22000,3,23,0,10,8,1,256,2,69,4,5,14,0,11
747,950,19,89990,3,24,23,12,16,7,256,2,79,4,5,12,1,11
748,768,17,128990,0,5,98,7,16,2,512,2,110,5,8,16,0,11
749,343,8,107990,3,25,47,13,16,7,1000,2,79,4,5,14,1,11
750,771,17,114190,0,5,98,7,16,2,512,2,109,5,6,16,0,11
751,668,17,52940,3,24,12,11,8,1,512,2,100,5,4,15,0,11
752,534,11,89990,3,25,47,13,16,1,512,2,70,4,5,14,1,11
753,664,17,67990,3,24,25,12,16,1,512,2,101,5,4,15,0,11
754,846,17,104900,3,25,52,13,16,7,1000,2,44,4,5,14,0,11
755,403,11,36990,0,3,87,7,8,7,512,2,17,0,5,15,0,11
756,789,17,69990,0,5,93,7,16,1,512,2,17,0,5,16,0,11
757,769,17,130990,0,5,98,7,16,2,512,2,110,5,8,16,0,11
758,537,11,415000,3,25,28,12,16,7,1000,2,79,4,5,17,1,11
759,152,4,26100,3,16,114,10,8,1,512,2,73,4,5,15,0,11
760,381,9,69990,3,25,47,13,16,2,512,2,79,4,5,13,0,11
761,380,9,59806,3,24,39,13,16,2,512,2,79,4,5,13,0,11
762,183,4,60890,0,5,93,7,16,1,1000,2,42,0,5,15,0,11
763,68,2,70990,3,24,45,13,16,7,512,2,70,4,5,14,0,11
764,179,4,50990,3,24,23,12,16,1,512,2,79,4,5,15,0,11
765,53,2,75990,3,24,43,13,8,2,512,2,109,5,6,15,0,11
766,584,11,60299,0,4,92,7,8,2,512,2,100,5,4,15,0,11
767,731,17,36890,3,23,8,11,8,1,512,2,84,4,5,15,0,11
768,447,11,49990,3,24,23,12,8,1,512,2,79,4,5,15,0,11
769,742,17,74490,3,24,45,13,16,7,1000,2,79,4,5,16,0,11
770,219,4,69990,0,4,75,5,16,1,1000,2,101,5,4,15,0,11
771,220,4,73990,0,5,79,5,16,1,1000,2,101,5,4,15,0,11
772,195,4,82990,3,25,33,12,16,1,1000,2,101,5,4,16,0,11
773,386,10,71990,3,24,25,12,16,1,512,2,109,5,6,15,0,11
774,298,8,38990,3,23,8,11,8,1,512,2,84,4,5,15,0,11
775,19,2,51990,3,24,25,12,8,1,512,2,100,5,4,15,0,11
776,311,8,57490,3,24,40,13,8,1,1000,2,63,4,5,15,0,11
777,761,17,399999,3,26,58,13,32,2,1000,2,113,5,16,16,0,11
778,128,4,90990,3,25,34,12,16,2,1000,2,134,5,4,15,0,11
779,97,4,25751,3,16,116,10,4,6,64,2,72,4,5,14,1,1
780,96,4,14990,3,16,116,10,4,6,64,2,72,4,5,14,0,1
781,98,4,15990,3,16,116,10,4,6,64,2,72,4,5,15,0,1
782,100,4,22500,3,16,116,10,4,6,128,2,72,4,5,15,0,1
783,187,4,40739,3,23,20,12,8,1,512,2,72,4,5,16,0,11
784,645,17,26490,3,16,114,4,8,1,256,2,47,4,5,15,0,11
785,388,10,130000,3,25,49,13,16,2,512,2,110,5,8,16,0,11
786,384,10,86990,3,24,27,12,8,2,512,2,110,5,8,15,0,11
787,659,17,59190,3,23,38,13,8,6,512,2,74,4,5,14,1,11
788,716,17,62190,3,24,25,12,16,7,512,2,84,4,5,16,0,11
789,725,17,69190,0,5,93,7,16,1,512,2,9,0,5,14,0,11
790,62,2,179990,3,26,56,13,16,2,1000,2,111,5,8,16,0,11
791,724,17,61190,0,5,93,7,16,1,512,2,9,0,5,14,0,11
792,208,4,92990,3,25,33,12,16,1,512,2,119,5,6,16,0,11
793,702,17,42990,0,4,90,7,8,7,512,2,13,0,5,15,0,11
794,829,17,43400,3,24,23,12,8,1,512,2,72,4,5,15,0,3
795,204,4,67990,3,24,25,12,16,1,512,2,101,5,4,16,0,11
796,205,4,67990,3,24,25,12,16,1,512,2,101,5,4,16,0,11
797,154,4,69990,3,24,25,12,16,1,512,2,100,5,4,14,0,11
798,207,4,76990,3,24,25,12,16,1,512,2,119,5,6,16,0,11
799,933,18,62990,3,24,14,11,16,1,512,2,101,5,4,15,0,11
800,874,18,85990,3,25,33,12,16,2,512,2,101,5,6,15,0,11
801,70,2,34990,0,4,72,5,16,1,512,2,17,0,5,14,0,11
802,149,4,35990,3,23,20,12,8,1,512,2,46,4,5,15,0,11
803,230,4,68800,0,4,74,5,16,1,512,2,102,5,4,15,0,11
804,813,17,46990,3,24,13,11,8,1,512,2,84,4,5,14,0,3
805,363,8,36990,3,23,8,11,8,1,512,2,84,4,5,15,0,11
806,134,4,52990,3,24,10,11,16,1,512,2,100,5,4,15,0,11
807,653,17,48990,0,5,77,5,16,1,512,2,17,0,5,15,0,11
808,489,11,153490,3,25,53,13,16,2,512,2,110,5,8,16,0,11
809,681,17,58850,3,24,11,11,8,1,512,2,93,5,4,15,0,11
810,224,4,57400,0,4,74,5,16,1,512,2,95,5,4,15,0,11
811,409,11,34000,0,3,67,3,8,1,512,2,19,0,5,15,0,11
812,209,4,35990,0,3,87,7,8,7,512,2,17,0,5,14,0,11
813,1001,27,23990,3,23,9,11,8,5,256,2,53,4,5,15,0,11
814,8,2,39990,3,23,113,10,8,1,512,2,84,4,5,14,0,11
815,717,17,70190,3,24,45,13,16,7,512,2,70,4,5,16,0,11
816,651,17,36490,3,23,8,11,8,1,512,2,72,4,5,15,0,11
817,939,18,56990,3,24,10,11,16,1,1256,3,100,5,4,15,0,11
818,938,18,61990,3,24,10,11,16,1,1512,3,100,5,4,15,0,11
819,995,25,29990,3,24,5,10,8,1,512,2,69,4,5,14,0,11
820,720,17,67190,3,24,43,13,16,7,512,2,44,4,5,14,0,11
821,718,17,84190,3,25,52,13,16,7,512,2,44,4,5,16,0,11
822,301,8,36399,3,23,8,11,8,1,512,2,84,4,5,15,0,11
823,308,8,47460,3,23,37,13,8,1,1000,2,72,4,5,15,0,11
824,822,17,55990,3,24,13,11,16,1,512,2,70,4,5,15,0,11
825,341,8,82990,3,24,40,13,16,7,1000,2,79,4,5,14,1,11
826,285,8,105999,3,25,48,13,16,7,1000,2,79,4,5,13,0,11
827,546,11,68999,0,4,74,5,16,1,512,2,101,5,4,15,0,11
828,342,8,76990,3,24,40,13,8,7,1000,2,79,4,5,14,1,11
829,877,18,134990,3,25,33,12,16,2,1000,2,111,5,8,17,0,11
830,942,18,90990,3,25,33,12,16,1,1000,2,109,5,6,15,0,11
831,544,11,99990,3,24,45,13,16,1,512,2,109,5,6,15,0,11
832,940,18,50990,3,24,10,11,16,1,512,2,100,5,4,15,0,11
833,941,18,47990,3,24,10,11,8,1,512,2,100,5,4,15,0,11
834,912,18,128990,3,25,52,13,8,2,1000,2,110,5,8,17,0,11
835,911,18,183990,3,26,54,13,16,2,1000,2,111,5,8,17,0,11
836,736,17,35900,3,23,8,11,8,1,512,2,79,4,5,15,0,11
837,486,11,131990,3,24,46,13,16,2,512,2,109,5,6,16,0,11
838,483,11,237990,3,26,56,13,32,2,1000,2,111,5,8,16,0,11
839,579,11,50990,0,4,74,5,8,1,512,2,22,0,4,15,0,11
840,177,4,37990,3,23,20,12,8,1,512,2,46,4,5,15,0,11
841,723,17,56190,0,4,91,7,16,1,512,2,9,0,5,14,0,11
842,257,6,32999,3,24,2,10,16,5,512,2,84,4,5,15,0,11
843,462,11,101990,3,25,28,12,16,6,512,2,70,4,5,13,1,11
844,457,11,231746,3,25,51,13,16,7,512,2,79,4,5,13,1,11
845,875,18,82890,3,25,33,12,8,2,512,2,101,5,6,15,0,11
846,728,17,69000,3,24,45,13,16,7,512,2,44,4,5,16,0,11
847,61,2,159990,3,26,56,13,16,2,1000,2,110,5,8,16,0,11
848,226,4,69990,0,4,74,5,16,1,512,2,100,5,4,15,0,11
849,194,4,77990,3,25,33,12,16,1,512,2,101,5,4,16,0,11
850,296,8,35940,3,23,8,11,8,1,512,2,84,4,5,15,0,11
851,575,11,54559,0,4,74,5,16,1,512,2,23,0,4,15,0,11
852,721,17,69990,3,24,43,13,16,7,512,2,44,4,5,14,0,11
853,906,18,119990,3,25,52,13,16,7,1000,2,100,5,4,16,0,11
854,752,17,85990,3,24,25,12,16,2,512,2,109,5,6,15,0,11
855,383,10,119990,3,24,27,12,8,2,512,2,110,5,8,15,0,11
856,173,4,56990,3,24,23,12,16,1,512,2,77,4,5,15,0,11
857,744,17,92990,0,5,98,7,16,2,512,2,109,5,6,15,0,11
858,949,18,344990,3,26,58,13,32,2,2000,2,113,5,16,17,0,11
859,948,18,284990,3,26,58,13,32,2,1000,2,112,5,12,16,0,11
860,748,17,100190,3,25,49,13,16,2,512,2,109,5,6,15,0,11
861,441,11,48981,3,23,8,11,8,1,512,2,79,4,5,14,0,11
862,48,2,65990,3,24,25,12,8,1,512,2,101,5,4,15,0,11
863,32,2,34790,0,4,72,5,8,1,512,2,7,0,5,15,0,11
864,757,17,89999,3,24,43,13,8,2,512,2,110,5,8,15,0,11
865,317,8,84490,3,24,41,13,16,7,512,2,79,4,5,13,0,11
866,845,17,222990,3,25,47,13,16,10,1000,2,81,4,5,13,1,11
867,373,8,257490,3,25,52,13,16,2,1000,2,123,5,6,15,1,11
868,318,8,80490,3,25,48,13,16,7,512,2,79,4,5,13,0,11
869,176,4,38990,3,23,20,12,8,1,512,2,46,4,5,15,0,11
870,330,8,64799,3,24,12,11,16,1,512,2,97,5,2,15,0,11
871,775,17,148990,3,26,54,13,32,2,1000,2,110,5,8,16,0,11
872,47,2,86990,3,25,34,12,16,1,512,2,101,5,4,15,0,11
873,481,11,199990,3,25,53,13,16,2,1000,2,111,5,8,16,0,11
874,729,17,89889,3,25,52,13,16,7,512,2,44,4,5,16,0,11
875,268,8,323990,3,26,56,13,32,2,1000,2,112,5,12,16,0,11
876,267,8,453990,3,26,55,13,32,7,2000,2,113,5,16,16,0,11
877,322,8,53990,0,5,81,5,16,1,512,2,25,0,5,14,0,11
878,269,8,199290,0,5,96,7,16,2,1000,2,90,5,8,16,0,11
879,898,18,34490,3,23,20,12,8,1,512,2,70,4,5,15,0,11
880,905,18,89990,3,24,24,12,16,7,512,2,100,5,4,14,0,11
881,266,8,450990,3,26,58,13,64,7,1000,2,113,5,16,18,0,11
882,438,11,40999,3,23,20,12,8,1,1000,2,72,4,5,15,0,11
883,840,17,74190,0,4,91,7,16,1,512,2,10,0,5,13,1,11
884,221,4,69990,0,4,74,5,16,1,512,2,101,5,4,15,0,11
885,437,11,40300,3,23,20,12,16,1,512,2,72,4,5,15,0,11
886,199,4,85500,3,25,33,12,16,1,512,2,100,5,4,16,0,11
887,701,17,42990,0,4,90,7,8,7,512,2,9,0,5,15,0,11
888,198,4,70990,3,24,25,12,16,1,512,2,100,5,4,16,0,11
889,632,16,98999,3,24,41,13,16,7,512,2,79,4,5,14,0,11
890,270,8,303290,0,6,100,7,32,2,2000,2,91,5,12,16,0,11
891,16,2,54990,3,24,40,13,8,7,512,2,115,5,4,15,0,11
892,31,2,49990,3,24,15,11,16,1,512,2,79,4,5,15,0,11
893,222,4,76990,0,5,78,5,16,1,512,2,101,5,4,15,0,11
894,382,9,89990,3,25,48,13,16,7,512,2,79,4,5,14,0,11
895,596,11,126494,3,24,23,12,16,2,1000,2,125,5,4,16,0,11
896,27,2,44990,3,24,15,11,8,1,512,2,79,4,5,15,0,11
897,425,11,30590,3,29,118,10,8,1,512,2,74,4,5,15,0,11
898,456,11,26990,3,16,115,10,4,1,64,0,73,4,5,14,1,1
899,595,11,96700,3,24,23,12,16,2,512,2,82,4,5,14,0,11
900,636,16,152499,3,25,48,13,16,7,1000,2,79,4,5,16,1,11
901,646,17,22490,3,16,114,10,4,1,256,2,85,4,5,11,0,11
902,455,11,49990,3,23,113,10,8,1,256,2,74,4,5,15,0,1
903,599,11,373192,3,26,35,12,32,2,1000,2,106,5,16,16,0,11
904,598,11,390914,3,26,35,12,32,2,1000,2,106,5,12,16,0,11
905,631,16,117899,3,25,48,13,16,7,512,2,79,4,5,14,0,11
906,50,2,69990,3,24,25,12,16,1,512,2,101,5,4,15,0,11
907,292,8,70790,3,24,40,13,16,7,1000,2,79,4,5,14,0,11
908,449,11,23940,0,3,67,3,8,1,512,2,19,0,5,15,0,3
909,286,8,62990,3,24,40,13,8,7,1000,2,79,4,5,14,0,11
910,370,8,78980,3,24,41,13,16,1,512,2,77,4,5,16,0,11
911,625,14,66990,3,25,52,13,32,8,1000,2,70,4,5,15,0,11
912,159,4,58990,3,24,40,13,16,1,512,2,44,4,5,15,0,11
913,638,17,26490,3,16,114,4,8,1,256,2,72,4,5,14,0,11
914,779,17,47450,3,24,23,12,8,1,512,2,84,4,5,14,0,11
915,795,17,42990,0,3,88,7,8,1,512,2,19,0,5,14,0,11
916,880,18,69990,3,24,25,12,16,2,512,2,101,5,4,15,0,11
917,793,17,69345,0,4,91,7,8,1,512,2,19,0,5,14,0,11
918,670,17,51499,3,24,12,11,16,1,512,2,92,5,4,15,0,11
919,471,11,88490,3,24,40,13,16,7,512,2,70,4,5,15,1,11
920,472,11,95990,3,24,40,13,16,7,512,2,70,4,5,15,1,11
921,474,11,78490,0,4,91,7,16,7,512,2,17,0,5,15,1,11
922,33,2,30990,3,23,8,11,8,1,256,2,84,4,5,15,0,11
923,389,11,36990,0,3,87,7,8,7,512,2,17,0,5,14,0,11
924,688,17,43990,3,23,37,13,8,7,512,2,46,4,5,15,0,11
925,391,11,48990,0,4,90,7,16,7,512,2,17,0,5,14,0,11
926,475,11,86490,0,4,91,7,16,7,512,2,17,0,5,15,1,11
927,340,8,58490,3,23,38,13,8,7,1000,2,84,4,5,14,1,11
928,527,11,98990,3,25,52,13,16,1,512,2,70,4,5,14,0,11
929,794,17,50999,0,4,91,7,16,1,512,2,19,0,5,14,0,11
930,803,17,53990,3,24,23,12,8,1,512,2,86,4,5,15,0,11
931,35,2,32149,3,23,8,11,8,1,512,2,84,4,5,15,0,11
932,915,18,171990,3,25,49,13,16,2,1000,2,110,5,8,15,0,11
933,881,18,39990,3,24,15,11,16,1,512,2,70,4,5,14,0,11
934,626,14,59990,3,25,52,13,16,8,512,2,70,4,5,15,0,11
935,255,6,24990,3,23,0,10,8,1,512,2,84,4,5,14,0,11
936,1018,11,115558,0,4,82,6,16,2,1512,3,135,5,4,15,0,11
937,315,8,44890,0,4,90,7,8,7,512,2,19,0,5,15,0,11
938,459,11,117000,3,25,47,13,16,7,1000,2,76,4,5,15,1,11
939,733,17,58400,3,23,20,12,8,5,512,2,72,4,5,14,1,11
940,394,11,48490,0,4,90,7,16,7,512,2,17,0,5,14,0,11
941,395,11,44347,0,4,90,7,8,7,512,2,17,0,5,14,0,11
942,421,11,56267,0,5,77,5,16,1,512,2,25,0,5,15,0,11
943,114,4,145999,0,6,101,7,16,2,1000,2,109,5,6,14,0,11
944,133,4,57590,3,24,14,11,8,1,1000,2,100,5,4,15,0,11
945,323,8,84899,3,25,47,13,16,7,512,2,79,4,5,14,0,11
946,672,17,64190,0,4,74,5,8,1,512,2,93,5,4,15,0,11
947,667,17,54990,3,24,12,11,16,1,512,2,93,5,4,15,0,11
948,390,11,43400,0,4,90,7,8,7,512,2,17,0,5,14,0,11
949,868,18,109990,3,25,33,12,16,2,512,2,110,5,8,15,0,11
950,873,18,83500,3,25,7,10,8,1,512,2,93,5,4,17,0,10
951,368,8,46899,3,23,20,12,8,1,512,2,83,4,5,16,0,11
952,6,2,31899,3,23,113,10,8,1,256,2,84,4,5,15,0,11
953,291,8,53490,0,4,91,7,8,7,512,2,19,0,5,16,0,11
954,700,17,32900,0,3,87,7,8,7,512,2,13,0,5,15,0,11
955,961,22,199990,0,6,101,7,32,2,1000,2,110,5,8,14,0,11
956,937,18,51290,3,24,10,11,16,1,512,2,100,5,4,15,0,11
957,860,18,107990,0,5,94,7,16,2,1000,2,128,5,8,17,0,11
958,49,2,89990,3,25,33,12,16,1,512,2,109,5,6,15,0,11
959,858,18,99990,0,5,94,7,16,2,1000,2,128,5,8,15,0,11
960,11,2,53990,3,24,40,13,8,7,512,2,79,4,5,14,0,11
961,855,18,74990,0,4,92,7,16,2,512,2,101,5,6,15,0,11
962,859,18,94990,0,5,94,7,16,2,1000,2,127,5,6,17,0,11
963,857,18,77990,0,4,92,7,16,2,512,2,127,5,6,15,0,11
964,856,18,92990,0,5,94,7,16,2,1000,2,127,5,6,15,0,11
965,178,4,48990,3,24,23,12,8,1,512,2,44,4,5,15,0,11
966,451,11,38900,3,23,20,12,8,1,512,2,19,0,5,15,0,11
967,799,17,94890,3,25,32,12,16,1,512,2,79,4,5,14,0,11
968,889,18,60990,3,25,29,12,8,1,512,2,70,4,5,14,0,11
969,890,18,50990,3,25,29,12,16,1,512,2,70,4,5,14,0,11
970,372,8,202490,3,25,48,13,32,7,1000,2,79,4,5,13,1,11
971,376,8,279490,3,25,52,13,32,2,1000,2,123,5,6,15,1,11
972,374,8,303490,3,25,52,13,32,2,1000,2,110,5,8,17,1,11
973,773,17,157544,3,24,45,13,16,2,1000,2,120,5,8,16,0,11
974,766,17,286200,3,26,56,13,32,2,1000,2,121,5,12,16,0,11
975,763,17,142190,0,5,96,7,16,2,1000,2,120,5,8,16,0,11
976,807,17,119500,3,25,29,12,16,1,512,2,79,4,5,14,0,11
977,634,16,205000,3,24,41,13,8,7,256,2,79,4,5,16,1,11
978,633,16,142990,3,25,48,13,16,7,1000,2,130,5,4,16,0,11
979,630,16,127000,3,24,41,13,8,7,512,2,79,4,5,14,1,11
980,893,18,52990,0,5,93,7,16,1,512,2,17,0,5,14,0,11
981,802,17,80999,3,24,23,12,16,1,1000,2,46,4,5,14,0,11
982,1,1,12990,3,16,114,10,4,1,128,2,74,4,5,14,0,11
983,304,8,42499,0,4,73,5,8,1,512,2,10,0,5,15,0,11
984,2,1,16990,3,16,114,10,4,1,256,2,74,4,5,15,0,11
985,635,16,89799,0,5,93,7,16,1,512,2,15,0,5,16,1,11
986,777,17,45490,3,24,23,12,8,1,512,2,46,4,5,14,0,11
987,153,4,69990,3,24,25,12,16,1,512,2,100,5,4,14,0,11
988,826,17,33990,0,4,72,5,8,1,512,2,17,0,5,15,0,3
989,783,17,39999,0,4,72,5,8,1,512,2,17,0,5,15,0,11
990,150,4,35083,3,23,8,11,8,1,512,2,62,4,5,15,0,11
991,20,2,54499,3,24,25,12,16,1,512,2,93,5,4,15,0,11
992,834,17,26990,0,3,87,7,8,7,512,2,19,0,5,15,0,3
993,225,4,62990,0,5,78,5,16,1,512,2,100,5,4,15,0,11
994,271,8,199990,3,25,49,13,16,7,1000,2,89,5,6,14,0,11
995,586,11,56999,3,24,14,11,8,1,512,2,93,5,4,16,0,11
996,143,4,34990,3,23,8,11,8,1,512,2,67,4,5,14,0,11
997,831,17,36990,3,23,20,12,8,1,512,2,72,4,5,15,0,11
998,371,8,94990,3,25,47,13,16,1,512,2,79,4,5,16,0,11
999,820,17,46990,3,24,23,12,8,1,512,2,72,4,5,14,0,11
1000,832,17,45900,3,24,23,12,8,1,512,2,72,4,5,15,0,11
1001,334,8,79990,3,24,40,13,16,7,512,2,79,4,5,16,0,11
1002,689,17,59990,3,25,16,11,16,1,512,2,44,4,5,15,0,11
1003,420,11,27490,0,0,66,3,8,1,512,2,17,0,5,15,0,11
1004,588,11,55999,3,24,14,11,8,1,512,2,93,5,4,16,0,11
1005,265,8,166490,3,25,50,13,32,2,1000,2,110,5,8,16,0,11
1006,347,8,80490,3,24,40,13,16,7,512,2,79,4,5,14,1,11
1007,344,8,99950,3,25,47,13,16,7,512,2,79,4,5,14,1,11
1008,398,11,26800,3,29,118,10,8,1,512,2,84,4,5,14,0,11
1009,326,8,67890,3,24,40,13,16,7,512,2,79,4,5,14,0,11
1010,346,8,73990,3,24,40,13,8,7,512,2,79,4,5,14,1,11
1011,324,8,88990,3,25,47,13,16,7,512,2,79,4,5,14,0,11
1012,611,14,34990,3,24,15,11,16,6,512,2,70,4,5,14,0,11
1013,309,8,63220,3,24,40,13,8,1,512,2,72,4,5,15,0,11
1014,328,8,58990,3,24,40,13,8,7,512,2,79,4,5,14,0,11
1015,864,18,247999,3,26,54,13,32,2,1000,2,111,5,8,17,0,11
1016,919,18,292990,3,26,54,13,32,2,1000,2,111,5,8,16,0,11
1017,573,11,58800,0,4,74,5,8,1,512,2,21,0,4,15,0,11
1018,184,4,54999,0,4,91,7,8,1,512,2,17,0,5,16,0,11
1019,348,8,94490,3,24,40,13,8,7,512,2,79,4,5,16,1,11
